Name,Email,Username,Phone,Age,Address
Gideon,Fae.Rogahn@gmail.com,Kailey.McCullough2,1-786-913-3782,83,Congo
Marianna,Elyssa_Hansen31@yahoo.com,Ross.Rogahn-Bayer,1-816-621-4833 x7178,55,Saint Helena
Tevin,Sheldon85@hotmail.com,Maverick.Veum91,522-241-7813 x8939,81,Morocco
Roosevelt,Ayden.Schimmel@hotmail.com,Myra11,(760) 245-5524,98,Israel
Ursula,Elisha76@hotmail.com,Adele.King,802-221-6398 x51722,57,Saint Kitts and Nevis
Ulises,Lizzie48@yahoo.com,Ethan.Weissnat,(693) 889-3326 x282,90,Sudan
Bettye,Alessandro_Towne@hotmail.com,Tyreek46,(985) 604-6885 x13142,19,Israel
Lindsey,Palma89@gmail.com,Scottie9,(658) 527-1872 x663,47,"Bonaire, Sint Eustatius and Saba"
Marilyne,Marion91@yahoo.com,Ruthie31,1-497-618-0118 x364,24,Saint Barthelemy
Tina,Rodrigo19@hotmail.com,Khalil75,1-959-354-3775 x823,70,"Bonaire, Sint Eustatius and Saba"
